{
  "game": "minecraft",
  "formatVersion": 1,
  "versionId": "1.0.0",
  "name": "Fresh integration1.21.7_fabric",
  "summary": "1.21.7, Fabric 0.16.14",
  "files": [
    {
      "path": "mods/alternate-current-mc1.21.5-1.9.0.jar",
      "hashes": {
        "sha1": "2c2d60d73ef7d0f2adf1304f8df31b0fa65ffe34",
        "sha512": "3e4088170917846b30275825420b553e3fc3befb52bb259848853b93343bae3b39cd592902c0c79f05b17381d80170784990d9c4e110ff3b6c552e5508b40d67"
      },
      "downloads": [
        "https://cdn.modrinth.com/data/r0v8vy1s/versions/eTNKfjl1/alternate-current-mc1.21.5-1.9.0.jar",
        "https://edge.forgecdn.net/files/6350/704/alternate-current-mc1.21.5-1.9.0.jar"
      ],
      "fileSize": 53324
    },
    {
      "path": "mods/architectury-17.0.8-fabric.jar",
      "hashes": {
        "sha1": "430b9769809ff34076271114f8dbaf5b2badf10e",
        "sha512": "7965ed7140c9f50cfcf8cf9b415de90497ae44ea4fb6dfe21704c6eba4210d0a34a4a0b0b6baf8b3e9d3b1cb70d0df79ef1ba93d04b5557f09a754959ac9c8b0"
      },
      "downloads": [
        "https://cdn.modrinth.com/data/lhGA9TYQ/versions/XcJm5LH4/architectury-17.0.8-fabric.jar",
        "https://edge.forgecdn.net/files/6803/290/architectury-17.0.8-fabric.jar"
      ],
      "fileSize": 589654
    },
    {
      "path": "mods/BadOptimizations-2.3.0-1.21.6-21.7.jar",
      "hashes": {
        "sha1": "6ca1457a183266af76099c382b926f56c7e5d007",
        "sha512": "5d61b7c0946bef98bcda081f96d083bc6ae9c96e0de1ffe388406d9668a8878b2c3342465caa86270c9f33a6e00c42d5145718f8ce4a387025c2818581bdb6ce"
      },
      "downloads": [
        "https://cdn.modrinth.com/data/g96Z4WVZ/versions/Zkvk6pH6/BadOptimizations-2.3.0-1.21.6-21.7.jar",
        "https://edge.forgecdn.net/files/6743/282/BadOptimizations-2.3.0-1.21.6-21.7.jar"
      ],
      "fileSize": 123961
    },
    {
      "path": "mods/cloth-config-19.0.147-fabric.jar",
      "hashes": {
        "sha1": "d3bd78860580da556990726af3bed1169e69933e",
        "sha512": "924b7e9bf6da670b936c3eaf3a2ba7904a05eff4fd712acf8ee62e587770c05a225109d3c0bdf015992e870945d2086aa00e738f90b3b109e364b0105c08875a"
      },
      "downloads": [
        "https://cdn.modrinth.com/data/9s6osm5g/versions/cz0b1j8R/cloth-config-19.0.147-fabric.jar",
        "https://edge.forgecdn.net/files/6669/836/cloth-config-19.0.147-fabric.jar"
      ],
      "fileSize": 1149126
    },
    {
      "path": "mods/continuity-3.0.1-beta.1+1.21.6.jar",
      "hashes": {
        "sha1": "4bc922092c48b211e1981ef3403148f24313590a",
        "sha512": "95b1a4529d8e4a7154dc82294e4733d629aef1025a2ecaa48f04f4976e02e8e15ac0b2a35b56762e07f51dbebe59dce12e4b40d0291924e70490f91e1a67daed"
      },
      "downloads": [
        "https://cdn.modrinth.com/data/1IjD5062/versions/m0cvWhzT/continuity-3.0.1-beta.1%2B1.21.6.jar",
        "https://edge.forgecdn.net/files/6741/584/continuity-3.0.1-beta.1%2b1.21.6.jar"
      ],
      "fileSize": 994756
    },
    {
      "path": "mods/debugify-1.21.8+1.0.jar",
      "hashes": {
        "sha1": "5c2eaf9c1825a458ca279ee30ac0667c68d1b417",
        "sha512": "5cbb7551e83abcc712a2d4b544d7f19cc1855eaede2350588b3f909966ae9248a7cdfd0c4d3cf53b796477f4327d735dadf83eddf40403a338d96ea9b9d727ca"
      },
      "downloads": [
        "https://cdn.modrinth.com/data/QwxR6Gcd/versions/WLSwJeXa/debugify-1.21.8%2B1.0.jar",
        "https://edge.forgecdn.net/files/6810/436/debugify-1.21.8%2b1.0.jar"
      ],
      "fileSize": 1009710
    },
    {
      "path": "mods/fabric-api-0.129.0+1.21.7.jar",
      "hashes": {
        "sha1": "60bb50ad1f7d316be9ba662e84089e1affdd44e6",
        "sha512": "43bf6af145a6b450503a6d7e7ec9a34912bd1494969b5d8861067f0f846cf710805415fb0fbc93c9ae9f5164d45c7649342f84b4f34552b2abdd892fd3b9838e"
      },
      "downloads": [
        "https://cdn.modrinth.com/data/P7dR8mSH/versions/JntuF9Ul/fabric-api-0.129.0%2B1.21.7.jar",
        "https://edge.forgecdn.net/files/6749/190/fabric-api-0.129.0%2b1.21.7.jar"
      ],
      "fileSize": 2212353
    },
    {
      "path": "mods/fabric-language-kotlin-1.13.4+kotlin.2.2.0.jar",
      "hashes": {
        "sha1": "2120226cd81107dd52eaf5a9a4607035ff26100c",
        "sha512": "26b6b4499bf872ebc2c666227b2ed721ce0e33a8e8b19632971250e5cb6e0b9f35aef15a07ce53cf4755285d9d38c4e05a5f1357bad544d44b9e30b87c0a0055"
      },
      "downloads": [
        "https://cdn.modrinth.com/data/Ha28R6CL/versions/mccDBWqV/fabric-language-kotlin-1.13.4%2Bkotlin.2.2.0.jar",
        "https://edge.forgecdn.net/files/6688/121/fabric-language-kotlin-1.13.4%2bkotlin.2.2.0.jar"
      ],
      "fileSize": 7387359
    },
    {
      "path": "mods/ForgeConfigAPIPort-v21.7.0-1.21.7-Fabric.jar",
      "hashes": {
        "sha1": "e44c82bfad04ee6cc8882f67d5051eefec95f781",
        "sha512": "4ca35d28245cb025c938c90540fa823d695f1d71f8763ebc3e5c37f883c42fd3203bcb3daf6d318393c4cb17d40c8d0c6c0340ff913eeb7ec316e4f69d9505bc"
      },
      "downloads": [
        "https://cdn.modrinth.com/data/ohNO6lps/versions/mw50luix/ForgeConfigAPIPort-v21.7.0-1.21.7-Fabric.jar",
        "https://edge.forgecdn.net/files/6716/432/ForgeConfigAPIPort-v21.7.0-1.21.7-Fabric.jar"
      ],
      "fileSize": 633811
    },
    {
      "path": "mods/I18nUpdateMod-3.6.2-all.jar",
      "hashes": {
        "sha1": "60c831f5f137e5591dd56d81f21f500339f69d2a",
        "sha512": "6625efc9c85ad0bd861d03e1e4591ae1968d27dd98d19b67884e196e6a87bc9632a435fbce6cff1706420912e07975d4e0b4f6af9e52ca40d2390caf19aecb89"
      },
      "downloads": [
        "https://cdn.modrinth.com/data/PWERr14M/versions/23iTpHt8/I18nUpdateMod-3.6.2-all.jar",
        "https://edge.forgecdn.net/files/6351/71/I18nUpdateMod-3.6.2-all.jar"
      ],
      "fileSize": 45560
    },
    {
      "path": "mods/ImmediatelyFast-Fabric-1.11.2+1.21.7.jar",
      "hashes": {
        "sha1": "908ae751fe7228f2c08ef616bba521794ce79661",
        "sha512": "af54156c14c6b5b6d4b65e2e8b1350c1c4d59a040fc5807d419bc4aaefc9d10aeb77671c6f91aa263325b57c85787021087ceebb8ff6ad95cb71b4f62694f8a6"
      },
      "downloads": [
        "https://cdn.modrinth.com/data/5ZwdcRci/versions/WbU84LUp/ImmediatelyFast-Fabric-1.11.2%2B1.21.7.jar",
        "https://edge.forgecdn.net/files/6825/767/ImmediatelyFast-Fabric-1.11.2%2b1.21.7.jar"
      ],
      "fileSize": 194728
    },
    {
      "path": "mods/iris-fabric-1.9.1+mc1.21.7.jar",
      "hashes": {
        "sha1": "99263e7d7ae31b4eda6fb66c9790bc2763f9ec3d",
        "sha512": "eb02e94fbdc78bd8d2bb809819bf5050974c98e7d05c362cfc62bc8fbd75d62583da772dbd1956c43b0ad1e9e850012cb4b304a3e1d4040aaae09a328dbc8355"
      },
      "downloads": [
        "https://cdn.modrinth.com/data/YL57xq9U/versions/l77DAK6U/iris-fabric-1.9.1%2Bmc1.21.7.jar",
        "https://edge.forgecdn.net/files/6711/986/iris-fabric-1.9.1%2bmc1.21.7.jar"
      ],
      "fileSize": 2722729
    },
    {
      "path": "mods/libIPN-fabric-1.21.6-6.5.1.jar",
      "hashes": {
        "sha1": "caa524cab41bae4997aec6fa7c075c521014a35f",
        "sha512": "a907c06b3614f0a04ddb0662c1e49299085c22f3c512170aa861a22c32d9abf607d73d41f439e7b9582c3263b4a93e059a9b2c81315648d20254082f4b03777f"
      },
      "downloads": [
        "https://cdn.modrinth.com/data/onSQdWhM/versions/ZEMiaisv/libIPN-fabric-1.21.6-6.5.1.jar",
        "https://edge.forgecdn.net/files/6748/202/libIPN-fabric-1.21.6-6.5.1.jar"
      ],
      "fileSize": 641716
    },
    {
      "path": "mods/malilib-fabric-1.21.8-0.25.4.jar",
      "hashes": {
        "sha1": "4957656db1b953619c438d8e2df600107d56700c",
        "sha512": "23e542ff4964b5e1ed74be0aeeaa24da10e1d26b9731b7fb28c5effaca95cc47ca9042ccaa1ec30d4d86456244c7962214ab006393634f2a0ff903309802dc49"
      },
      "downloads": [
        "https://cdn.modrinth.com/data/GcWjdA9I/versions/USRMpjDG/malilib-fabric-1.21.8-0.25.4.jar",
        "https://edge.forgecdn.net/files/6786/623/malilib-fabric-1.21.8-0.25.4.jar"
      ],
      "fileSize": 1358003
    },
    {
      "path": "mods/moreculling-fabric-1.21.6-1.4.0-beta.1.jar",
      "hashes": {
        "sha1": "1e9b9ec184470aa5d52e0d968b5e87cf087efae2",
        "sha512": "0f80c58b539c55c0b96a35b685694d8d74bf77f5dd9c63a7f811c17cf076ae26799b6411e941ff71d2f39b940262886fb3d66f78f239b7bb3558cce8c5447dac"
      },
      "downloads": [
        "https://cdn.modrinth.com/data/51shyZVL/versions/ESxkwc6w/moreculling-fabric-1.21.6-1.4.0-beta.1.jar",
        "https://edge.forgecdn.net/files/6676/650/moreculling-fabric-1.21.6-1.4.0-beta.1.jar"
      ],
      "fileSize": 347230
    },
    {
      "path": "mods/optigui-2.3.0-beta.7+1.21.6.jar",
      "hashes": {
        "sha1": "65ccfbcf919c60992339537737c888dd0217e228",
        "sha512": "e234b3dae0324e7063181ae29cd75ceaa8be85ac94e7a3192cb055f02f1667a278fe47c55ad9713be9df082bb469a613990551343e900a727dfa38d3a5c96381"
      },
      "downloads": [
        "https://cdn.modrinth.com/data/JuksLGBQ/versions/QXe3WY3V/optigui-2.3.0-beta.7%2B1.21.6.jar",
        "https://edge.forgecdn.net/files/6661/440/optigui-2.3.0-beta.7%2b1.21.6.jar"
      ],
      "fileSize": 612397
    },
    {
      "path": "mods/puzzle-fabric-2.1.1+1.21.6.jar",
      "hashes": {
        "sha1": "155c959ef113fb267a361da44de55371c37feea2",
        "sha512": "26fe7063045ae989d59511e5ced0b07c7825740863539d974d69c8678094b33f047c9f22f092a8ebf5be49a16a824ba7c44416b376a38b90eedbb1233ba536fd"
      },
      "downloads": [
        "https://cdn.modrinth.com/data/3IuO68q1/versions/EfTbdnT6/puzzle-fabric-2.1.1%2B1.21.6.jar",
        "https://edge.forgecdn.net/files/6663/321/puzzle-fabric-2.1.1%2b1.21.6.jar"
      ],
      "fileSize": 142987
    },
    {
      "path": "mods/PuzzlesLib-v21.7.1-1.21.7-Fabric.jar",
      "hashes": {
        "sha1": "023bff8e6b4380f894aeb8fc396030f7690f3294",
        "sha512": "c69a2da1aab72c481019a2f4aa4b40a5f74b38e5855f9889e0682fdba163c4ddbcae8b616f1149a6d4f499feb9c0123c766ff2bab98bc2a76a07d32622d612d2"
      },
      "downloads": [
        "https://cdn.modrinth.com/data/QAGBst4M/versions/WMZW45pT/PuzzlesLib-v21.7.1-1.21.7-Fabric.jar",
        "https://edge.forgecdn.net/files/6728/964/PuzzlesLib-v21.7.1-1.21.7-Fabric.jar"
      ],
      "fileSize": 1109915
    },
    {
      "path": "mods/Resourcify (1.21.8-fabric)-1.7.4.jar",
      "hashes": {
        "sha1": "6152870920468b6e8db9121801ad94dead161be9",
        "sha512": "2ae555bf330ecc90e16c8a4f6b23a0b279576aa68a46b8db3f0dafaf4313aa82e7e54c5a03d6a2055c3ac32c3c62486fda15ed7452cd5401657aa36970b4ab0f"
      },
      "downloads": [
        "https://cdn.modrinth.com/data/RLzHAoZe/versions/zdyGPkVi/Resourcify%20%281.21.8-fabric%29-1.7.4.jar",
        "https://edge.forgecdn.net/files/6787/576/Resourcify%20(1.21.8-fabric)-1.7.4.jar"
      ],
      "fileSize": 2531117
    },
    {
      "path": "mods/tweakeroo-fabric-1.21.8-0.25.3.jar",
      "hashes": {
        "sha1": "bbb9699ffe1c765c49439676c14878dd6d70785f",
        "sha512": "c8d2e3e1c9f6b78edaa31d2fbda0b3ad642fc73321f4ac7b87f1fc7948beb102608ba3fd8c7d1c450f20892dc749f0fcd6c0048bd0c59e5900178513f479bab9"
      },
      "downloads": [
        "https://cdn.modrinth.com/data/t5wuYk45/versions/DAGO9CAA/tweakeroo-fabric-1.21.8-0.25.3.jar",
        "https://edge.forgecdn.net/files/6784/316/tweakeroo-fabric-1.21.8-0.25.3.jar"
      ],
      "fileSize": 553188
    },
    {
      "path": "mods/ViaFabricPlus-4.2.3.jar",
      "hashes": {
        "sha1": "062b935d54f297b0f7ebd1a38851aca2640e8c8c",
        "sha512": "875f67872fc70ab2d2b573ae87e5a750e00ce9463791226d81749206da0711452094d7b5bcdf341ccfc7a6785b60c9e91d650063eb2cab537172e60417622346"
      },
      "downloads": [
        "https://cdn.modrinth.com/data/rIC2XJV4/versions/A76ISFb9/ViaFabricPlus-4.2.3.jar",
        "https://edge.forgecdn.net/files/6780/368/ViaFabricPlus-4.2.3.jar"
      ],
      "fileSize": 13253343
    },
    {
      "path": "mods/yet_another_config_lib_v3-3.7.1+1.21.6-fabric.jar",
      "hashes": {
        "sha1": "932e1011a9ddef31fb4f4d7934f16a091aa5004b",
        "sha512": "838f57724346a295ed82eba0e9e94880273cc20a7b7825f5d17cac711989311aa4040c61964e9c4a18ef56dba5ec066d3537ad540196eed66c6a56940ac9a1fa"
      },
      "downloads": [
        "https://cdn.modrinth.com/data/1eAoo2KR/versions/WxYlHLu6/yet_another_config_lib_v3-3.7.1%2B1.21.6-fabric.jar",
        "https://edge.forgecdn.net/files/6662/860/yet_another_config_lib_v3-3.7.1%2b1.21.6-fabric.jar"
      ],
      "fileSize": 1122817
    },
    {
      "path": "mods/Zoomify-2.14.4+1.21.6.jar",
      "hashes": {
        "sha1": "e79c508b73384a6845e45579e5baebf9ec18085d",
        "sha512": "dc74880434dfd76d209f72ee08911888a562145c1e6c5a0a9aab48d3f6e8708c28272a2c779f5b8bfcb803e06961aee87e4280d87b8958b538ed0c401521a03f"
      },
      "downloads": [
        "https://cdn.modrinth.com/data/w7ThoJFB/versions/Smt2Lxmo/Zoomify-2.14.4%2B1.21.6.jar",
        "https://edge.forgecdn.net/files/6667/177/Zoomify-2.14.4%2b1.21.6.jar"
      ],
      "fileSize": 808035
    },
    {
      "path": "mods/[C^2M 引擎] c2me-fabric-mc1.21.8-0.3.4.0.0.jar",
      "hashes": {
        "sha1": "0951ad76de856b2e8804f06efc4302f828dc3bff",
        "sha512": "30cbc520cb8349036d55a1cb1f26964cf02410cf6d6a561d9cc07164d7566a3a7564367de62510f2bab50723c2c7c401718001153fa833560634ce4b2e212767"
      },
      "downloads": [
        "https://cdn.modrinth.com/data/VSNURh3q/versions/tlZRTK1v/c2me-fabric-mc1.21.8-0.3.4.0.0.jar",
        "https://edge.forgecdn.net/files/6825/631/c2me-fabric-mc1.21.8-0.3.4.0.0.jar"
      ],
      "fileSize": 4681084
    },
    {
      "path": "mods/[Lambd的动态光源] lambdynamiclights-4.3.2+1.21.8.jar",
      "hashes": {
        "sha1": "4743673da28c2f003bc1503123792bb7aaaa2873",
        "sha512": "90b9ee827b1a8e36bb3e7ceb0bc3dd9bafb8e5c6b43c5ffe423d39b875e5a63bfb6353c637fdf6ccb23837750c6e009c811b638d8e0bcb25dd73de56a624bae6"
      },
      "downloads": [
        "https://cdn.modrinth.com/data/yBW8D80W/versions/mOsadEfH/lambdynamiclights-4.3.2%2B1.21.8.jar",
        "https://edge.forgecdn.net/files/6818/928/lambdynamiclights-4.3.2%2b1.21.8.jar"
      ],
      "fileSize": 1242112
    },
    {
      "path": "mods/[Reese的钠视频界面] reeses-sodium-options-fabric-1.8.4+mc1.21.6.jar",
      "hashes": {
        "sha1": "5d83119a31fd6da0c55682a113788e9b6b848142",
        "sha512": "f5f4e27eeabab055eab3bcdacc2746e626cd7118b469d1edacd0bb69633e2422e93ffe51d632de1ed96640452affda1e53b0d39c790e9d8acc87490f8ea4705a"
      },
      "downloads": [
        "https://cdn.modrinth.com/data/Bh37bMuy/versions/AgGRyydH/reeses-sodium-options-fabric-1.8.4%2Bmc1.21.6.jar",
        "https://edge.forgecdn.net/files/6668/976/reeses-sodium-options-fabric-1.8.4%2bmc1.21.6.jar"
      ],
      "fileSize": 81061
    },
    {
      "path": "mods/[REI物品管理器] RoughlyEnoughItems-20.0.811-fabric.jar",
      "hashes": {
        "sha1": "f69f4db70776882b0cc87913bbfc6b70d00c89e0",
        "sha512": "13c50f7e95930bc013fed7e50d8240e376ab8e0e3b2b73ce103a0df60c0010debc3f412a09a7c14e4c03b89d1006f58a6f395617f28512fd35a095be929de785"
      },
      "downloads": [
        "https://cdn.modrinth.com/data/nfn13YXA/versions/hoEFy7aF/RoughlyEnoughItems-20.0.811-fabric.jar",
        "https://edge.forgecdn.net/files/6833/148/RoughlyEnoughItems-20.0.811-fabric.jar"
      ],
      "fileSize": 2461567
    },
    {
      "path": "mods/[Xaero的世界地图] XaerosWorldMap_1.39.12_Fabric_1.21.7.jar",
      "hashes": {
        "sha1": "a8e2d03156a7a274be023baf548b5bd8853c3711",
        "sha512": "b5fb8bea8165783214bbfd29c5527140c06bd2b98cf0b24672f443ad8229747ac29db34c4b86d1836f9876174055e0eda10cc155e0e10d9f0641b770f16c69fa"
      },
      "downloads": [
        "https://cdn.modrinth.com/data/NcUtCpym/versions/3Lv1hpHj/XaerosWorldMap_1.39.12_Fabric_1.21.7.jar",
        "https://edge.forgecdn.net/files/6736/227/XaerosWorldMap_1.39.12_Fabric_1.21.7.jar"
      ],
      "fileSize": 992980
    },
    {
      "path": "mods/[Xaero的小地图] Xaeros_Minimap_25.2.10_Fabric_1.21.7.jar",
      "hashes": {
        "sha1": "fdbadcef3719b57fdd703884bcb062fa5ea5acea",
        "sha512": "5d0b96f8e31ce17f413f366ad408aa1eb1aaf306a06f428d58b4f48cfe4bd394194f4788ffe1f73158ef20e49b45e5566e188ed05de3e04709ee7c2fb8025158"
      },
      "downloads": [
        "https://cdn.modrinth.com/data/1bokaNcj/versions/2hcDlo6F/Xaeros_Minimap_25.2.10_Fabric_1.21.7.jar",
        "https://edge.forgecdn.net/files/6736/218/Xaeros_Minimap_25.2.10_Fabric_1.21.7.jar"
      ],
      "fileSize": 1687490
    },
    {
      "path": "mods/[一键背包整理Next] InventoryProfilesNext-fabric-1.21.6-2.1.11.jar",
      "hashes": {
        "sha1": "024476b250538c27e9cce1ba64b56b354ddd5439",
        "sha512": "2e3106474475be7b9cfbda274a33095706bd20bb483e57463e1d4f822b6c78c16198f2ba76fce3cd7b8547e28facdaa1022f00964d7bcc9875c04d3a26ecba19"
      },
      "downloads": [
        "https://cdn.modrinth.com/data/O7RBXm3n/versions/ShdHGoFT/InventoryProfilesNext-fabric-1.21.6-2.1.11.jar",
        "https://edge.forgecdn.net/files/6811/496/InventoryProfilesNext-fabric-1.21.6-2.1.11.jar"
      ],
      "fileSize": 1317280
    },
    {
      "path": "mods/[伽玛工具] Gamma-Utils-2.3.5+mc1.21.6.jar",
      "hashes": {
        "sha1": "87ca2fcc0b18c2c32045e6a7180cdd35588b20fd",
        "sha512": "eebbe487b065b3b97a8e38de83b9f6215afab5fa869d6609955ce6560070c97d26eacab0c9ab26c9b3aa38ea1406fbd6b798927286f69726c442d24dc52f268e"
      },
      "downloads": [
        "https://cdn.modrinth.com/data/wdLuzzEP/versions/RrDVLeBW/Gamma-Utils-2.3.5%2Bmc1.21.6.jar",
        "https://edge.forgecdn.net/files/6662/342/Gamma-Utils-2.3.5%2bmc1.21.6.jar"
      ],
      "fileSize": 96588
    },
    {
      "path": "mods/[地毯] fabric-carpet-1.21.7-1.4.177+v250630.jar",
      "hashes": {
        "sha1": "8d4fa867040118d599545f340845e2e043a76dd5",
        "sha512": "f03f80017538fd051a162feca58c1fa344d45d34b70cde27c10d465c371f9a11ddc80229e159b3439901cc8a6084f6672b62e5441f8d921fc2850ffd7e41e9c1"
      },
      "downloads": [
        "https://cdn.modrinth.com/data/TQTTVgYE/versions/RXcxPvgC/fabric-carpet-1.21.7-1.4.177%2Bv250630.jar",
        "https://edge.forgecdn.net/files/6713/262/fabric-carpet-1.21.7-1.4.177%2bv250630.jar"
      ],
      "fileSize": 1549380
    },
    {
      "path": "mods/[实体模型特性] entity_model_features_fabric_1.21.6-2.4.4.jar",
      "hashes": {
        "sha1": "a7342eb910307ab705f739f2ae5b26765ce9a148",
        "sha512": "d384331b0b10fbe144008529b388060bf64bac1e6a74989e80d0d85ef2796c4aabc274cb83816a049bc9f103709d8326a6c676bf83ebb25a44039790f1fe06d5"
      },
      "downloads": [
        "https://cdn.modrinth.com/data/4I1XuqiY/versions/N0YnseYc/entity_model_features_fabric_1.21.6-2.4.4.jar",
        "https://edge.forgecdn.net/files/6666/193/entity_model_features_fabric_1.21.6-2.4.4.jar"
      ],
      "fileSize": 480035
    },
    {
      "path": "mods/[实体纹理特性] entity_texture_features_fabric_1.21.6-6.2.14.jar",
      "hashes": {
        "sha1": "68e9e86b12936f7bdb3ea11f014692347bbbd3f8",
        "sha512": "21f11e11ade9217dd22aec7659537d0b533de49dc4fea1069d193c1f529422f4de23f45cd9c325e25f8d67a2e61f5a1de5382a2e676b37e9923484b738425d3b"
      },
      "downloads": [
        "https://cdn.modrinth.com/data/BVzZfTc1/versions/aEVKKdXX/entity_texture_features_fabric_1.21.6-6.2.14.jar",
        "https://edge.forgecdn.net/files/6666/177/entity_texture_features_fabric_1.21.6-6.2.14.jar"
      ],
      "fileSize": 685993
    },
    {
      "path": "mods/[崩溃优化] notenoughcrashes-fabric-4.4.9+1.21.7.jar",
      "hashes": {
        "sha1": "2b6a3eb7d1d7edcf365fc091fe2b6fdb0ca9dc2d",
        "sha512": "3e039dad717ceaad2de9f204b46ab882186fbc883dd540f7d99bdb0d613492782b31820df4b4b08a78081a1c189b515cc3ca9f2f4169648daa8caf6c36dde2dd"
      },
      "downloads": [
        "https://cdn.modrinth.com/data/yM94ont6/versions/QWf7eElR/notenoughcrashes-fabric-4.4.9%2B1.21.7.jar",
        "https://edge.forgecdn.net/files/6772/836/notenoughcrashes-fabric-4.4.9%2b1.21.7.jar"
      ],
      "fileSize": 605958
    },
    {
      "path": "mods/[投影] litematica-fabric-1.21.8-0.23.3.jar",
      "hashes": {
        "sha1": "a1996f25612a38bb3d8e4dd75fb4d055af8534ea",
        "sha512": "d7b1d95cfa807123b76d37641a96a8cc4d16d0224d920ee12d4606055add03ab613bbcd17c3cbad1f6db06883378703ab1dea200495ee173d7c27bdf8dd3ecc5"
      },
      "downloads": [
        "https://edge.forgecdn.net/files/6784/312/litematica-fabric-1.21.8-0.23.3.jar"
      ],
      "fileSize": 1524756
    },
    {
      "path": "mods/[投影打印机] litematica-printer-1.21.7-3.2.1-sakura.7.jar",
      "hashes": {
        "sha1": "ec79bc7c3e2bbde3764d736c41c6c45772588f2d",
        "sha512": "5de916a8cafcae88fc337285ee8c4cd7afdcc4fb2240fd355de59c6331b8708dd8e7201b7e85850d94f3e73e3046f3108803c38a6a65128e2ff3094d9f94f7f1"
      },
      "downloads": [
        "https://cdn.modrinth.com/data/3llatzyE/versions/CsIjzol2/litematica-printer-1.21.7-3.2.1-sakura.7.jar",
        "https://edge.forgecdn.net/files/6804/980/litematica-printer-1.21.7-3.2.1-sakura.7.jar"
      ],
      "fileSize": 148782
    },
    {
      "path": "mods/[拾取提示] PickUpNotifier-v21.7.0-1.21.7-Fabric.jar",
      "hashes": {
        "sha1": "63e9e15d35d4a2e78638a1c529498c33e4704714",
        "sha512": "07234ac20975e6420c086f1e482f0edc7ca407869a343200d31eb5bc8cd945e6425b3b5fa99a7723241136e2b915edc7a696a2d9ae10b84b36fc28e22788a1cd"
      },
      "downloads": [
        "https://cdn.modrinth.com/data/ZX66K16c/versions/ddBB70nM/PickUpNotifier-v21.7.0-1.21.7-Fabric.jar",
        "https://edge.forgecdn.net/files/6725/267/PickUpNotifier-v21.7.0-1.21.7-Fabric.jar"
      ],
      "fileSize": 85991
    },
    {
      "path": "mods/[文本占位符 API] placeholder-api-2.7.1+1.21.6.jar",
      "hashes": {
        "sha1": "5b5ef013898f9d4d3c6bf99597bb07e2f571657a",
        "sha512": "ebff4cac5d72e061e2e238a87675094d0eff39de6da809ee29b796698cc417860092ed9af9aafe3cd4ae3cf530e94264442798b6bc01f02f84086fe6b8000897"
      },
      "downloads": [
        "https://cdn.modrinth.com/data/eXts2L7r/versions/wg33PHxj/placeholder-api-2.7.1%2B1.21.6.jar",
        "https://edge.forgecdn.net/files/6684/499/placeholder-api-2.7.1%2b1.21.6.jar"
      ],
      "fileSize": 259767
    },
    {
      "path": "mods/[更好的F3] BetterF3-15.0.0-Fabric-1.21.6.jar",
      "hashes": {
        "sha1": "e1333f3e807190ab2ce2c73ea4d8da76946cd701",
        "sha512": "5e1a9f547fda1d49fd69ea6a6eeeb8e21e34a6f80c44670afb105d005e9cfdf1f31809bc4b490fb72a5fb988f9160ae8d240b73203f24ed0f741d5aff11235af"
      },
      "downloads": [
        "https://cdn.modrinth.com/data/8shC1gFX/versions/DHCqyQtH/BetterF3-15.0.0-Fabric-1.21.6.jar",
        "https://edge.forgecdn.net/files/6685/251/BetterF3-15.0.0-Fabric-1.21.6.jar"
      ],
      "fileSize": 1822362
    },
    {
      "path": "mods/[模组菜单] modmenu-15.0.0-beta.3.jar",
      "hashes": {
        "sha1": "84089aea3ca333e23df7f409d4daf497cc2660d1",
        "sha512": "f8d21aa13f1f081bc928df2904346cd5e29bb358c34346bedb6bf4de04eeb5eba499d7b4a7b6c17a44663805457f8119698b70b1a26b7fca29c66e35cea8f1eb"
      },
      "downloads": [
        "https://cdn.modrinth.com/data/mOgUt4GM/versions/JY1tNj8H/modmenu-15.0.0-beta.3.jar",
        "https://edge.forgecdn.net/files/6676/751/modmenu-15.0.0-beta.3.jar"
      ],
      "fileSize": 1076199
    },
    {
      "path": "mods/[氪] krypton-0.2.9.jar",
      "hashes": {
        "sha1": "45a1cba4e4fbd1e4885583699739bd8ad73ba5e6",
        "sha512": "2e2304b1b17ecf95783aee92e26e54c9bfad325c7dfcd14deebf9891266eb2933db00ff77885caa083faa96f09c551eb56f93cf73b357789cb31edad4939ffeb"
      },
      "downloads": [
        "https://cdn.modrinth.com/data/fQEb0iXm/versions/neW85eWt/krypton-0.2.9.jar",
        "https://edge.forgecdn.net/files/6364/768/krypton-0.2.9.jar"
      ],
      "fileSize": 270170
    },
    {
      "path": "mods/[火花] spark-1.10.142-fabric.jar",
      "hashes": {
        "sha1": "329cdcf566637760c679b56a3213e18aa41cad5c",
        "sha512": "95b7e4f2416e20abf9d9df41fcbce04f28ebf0aa086374742652789a88642dd6820c8884ab240334555345b49c39f7d0caf23d521cec9516991ef43ba24758af"
      },
      "downloads": [
        "https://cdn.modrinth.com/data/l6YH9Als/versions/3KCl7Vx0/spark-1.10.142-fabric.jar",
        "https://edge.forgecdn.net/files/6796/742/spark-1.10.142-fabric.jar"
      ],
      "fileSize": 3793974
    },
    {
      "path": "mods/[玉 🔍] Jade-1.21.8-Fabric-19.1.1.jar",
      "hashes": {
        "sha1": "165da719ca45aa74f71cfa2a2498c1558c5c4a95",
        "sha512": "917b445463f5063cf6d9d6e6080c142c9d72826584213bf3dd0b414c2825512932d6880ce61b5627dc7fbe606af300d0fcc23a804c9b93768e497a2089813c74"
      },
      "downloads": [
        "https://cdn.modrinth.com/data/nvQzSEkH/versions/CPGdNAPA/Jade-1.21.8-Fabric-19.1.1.jar",
        "https://edge.forgecdn.net/files/6838/516/Jade-1.21.8-Fabric-19.1.1.jar"
      ],
      "fileSize": 887941
    },
    {
      "path": "mods/[禁用聊天举报] NoChatReports-FABRIC-1.21.7-v2.14.0.jar",
      "hashes": {
        "sha1": "7f8bfb9a42199e65ea9ced4e8202ff70613c141c",
        "sha512": "6e93c822e606ad12cb650801be1b3f39fcd2fef64a9bb905f357eb01a28451afddb3a6cadb39c112463519df0a07b9ff374d39223e9bf189aee7e7182077a7ae"
      },
      "downloads": [
        "https://cdn.modrinth.com/data/qQyHxfxd/versions/LhwpK0O6/NoChatReports-FABRIC-1.21.7-v2.14.0.jar",
        "https://edge.forgecdn.net/files/6718/772/NoChatReports-FABRIC-1.21.7-v2.14.0.jar"
      ],
      "fileSize": 249152
    },
    {
      "path": "mods/[简单的语音聊天] voicechat-fabric-1.21.7-2.5.34.jar",
      "hashes": {
        "sha1": "b27e41127bf1641f79030ae29b38a600dbac1665",
        "sha512": "501bcd3648f987f450b4996df97c75c95ada0396027987367335fe0315313566f5b67972d3012e8bbec268a28f4d8e541a34f766dfc314b024bc72afc2c0bab4"
      },
      "downloads": [
        "https://cdn.modrinth.com/data/9eGKb6K1/versions/YjxCZ3Wx/voicechat-fabric-1.21.7-2.5.34.jar",
        "https://edge.forgecdn.net/files/6756/130/voicechat-fabric-1.21.7-2.5.34.jar"
      ],
      "fileSize": 7419955
    },
    {
      "path": "mods/[聊天头像] chat_heads-0.13.19-fabric-1.21.6.jar",
      "hashes": {
        "sha1": "fdd28054347e9391e2947e330bea6135948d3cab",
        "sha512": "4be48219deb459324d94df4f7545843eb2493901f747718387e085bb03b1077abf3ef9624493e69afafbf67c1ef9e467877d9dfa75a3d6a74af11315e6eb1ab4"
      },
      "downloads": [
        "https://cdn.modrinth.com/data/Wb5oqrBJ/versions/dgbLFTG2/chat_heads-0.13.19-fabric-1.21.6.jar",
        "https://edge.forgecdn.net/files/6670/501/chat_heads-0.13.19-fabric-1.21.6.jar"
      ],
      "fileSize": 76694
    },
    {
      "path": "mods/[自动钓鱼XPlus版] xplus-autofish-1.3.6-fabric-mc1.21.6.jar",
      "hashes": {
        "sha1": "75935d398fe06fe37016df362d9c26d3b5d02458",
        "sha512": "a75ce02f1969c2a96f1fe49d55bebed23914b1e96e02874e50cb5e2abcebbd978903afd0547aab1b84556a0ccf83ee6414c5bba005133d79633ae1bf98fc3e70"
      },
      "downloads": [
        "https://cdn.modrinth.com/data/2H1rLgy4/versions/j2Sun4Y6/xplus-autofish-1.3.6-fabric-mc1.21.6.jar",
        "https://edge.forgecdn.net/files/6681/762/xplus-autofish-1.3.6-fabric-mc1.21.6.jar"
      ],
      "fileSize": 121293
    },
    {
      "path": "mods/[苹果皮] appleskin-fabric-mc1.21.6-3.0.6.jar",
      "hashes": {
        "sha1": "18fc3a8be56c802e3515ed3e2b6376eb00cd3eaf",
        "sha512": "e36c78b036676b3fac1ec3edefdcf014ccde8ce65fd3e9c1c2f9a7bbc7c94185168a2cd6c8c27564e9204cd892bfbaae9989830d1acea83e6f37187b7a43ad7d"
      },
      "downloads": [
        "https://cdn.modrinth.com/data/EsAfCjCV/versions/YAjCkZ29/appleskin-fabric-mc1.21.6-3.0.6.jar",
        "https://edge.forgecdn.net/files/6680/816/appleskin-fabric-mc1.21.6-3.0.6.jar"
      ],
      "fileSize": 1092685
    },
    {
      "path": "mods/[输入法冲突修复] IMBlocker-5.4.1.1-fabric-1.17+.jar",
      "hashes": {
        "sha1": "ac8ca45cf7645c0daafb2ee9f0dcac421b414647",
        "sha512": "82454bc932299afa97eb882409786a87acbabe828c409649aea2844b3c9c999224ea331a87d04f774fcbfb5e452691b3a44e60801b2c1933106ee63ea3c8649d"
      },
      "downloads": [
        "https://cdn.modrinth.com/data/WMDesFsZ/versions/eFTeDcdE/IMBlocker-5.4.1.1-fabric-1.17%2B.jar",
        "https://edge.forgecdn.net/files/6810/580/IMBlocker-5.4.1.1-fabric-1.17%2b.jar"
      ],
      "fileSize": 150184
    },
    {
      "path": "mods/[迷你HUD] minihud-fabric-1.21.8-0.36.3.jar",
      "hashes": {
        "sha1": "18050c5cc6cfbf3affd8b7482385dd7e596a3640",
        "sha512": "11f74d707b57b6dd87f4f280ec6a69babe42f25bf70cbf4b926a0b491cecaea9d4e30f9a0ea48ac284dcae6cad6b33f3565a9a397ae331460532230b513302e5"
      },
      "downloads": [
        "https://cdn.modrinth.com/data/UMxybHE8/versions/ODVIQVIp/minihud-fabric-1.21.8-0.36.3.jar",
        "https://edge.forgecdn.net/files/6784/313/minihud-fabric-1.21.8-0.36.3.jar"
      ],
      "fileSize": 800952
    },
    {
      "path": "mods/[钠 · 扩展] sodium-extra-fabric-0.6.6+mc1.21.6.jar",
      "hashes": {
        "sha1": "768ca85d3a016adb6a4d302ad341ad8944fd3706",
        "sha512": "16701a95de3207e50a9798a51ac189de911b8240ab87814366a1cde6251f73116d35f860123d12edf78e555516d32c82996c928402022574cb5b0477d28b7793"
      },
      "downloads": [
        "https://cdn.modrinth.com/data/PtjYWJkn/versions/v7JHUEiF/sodium-extra-fabric-0.6.6%2Bmc1.21.6.jar",
        "https://edge.forgecdn.net/files/6692/919/sodium-extra-fabric-0.6.6%2bmc1.21.6.jar"
      ],
      "fileSize": 366276
    },
    {
      "path": "mods/[钠] sodium-fabric-0.6.13+mc1.21.6.jar",
      "hashes": {
        "sha1": "2d635c3d938aa3f75b0ec61c7402eeea2f9c30a9",
        "sha512": "ee97e3df07a6f734bc8a0f77c1f1de7f47bed09cf682f048ceb12675c51b70ba727b11fcacbb7b10cc9f79b283dd71a39751312b5c70568aa3ac9471407174db"
      },
      "downloads": [
        "https://cdn.modrinth.com/data/AANobbMI/versions/ND4ROcMQ/sodium-fabric-0.6.13%2Bmc1.21.6.jar",
        "https://edge.forgecdn.net/files/6661/395/sodium-fabric-0.6.13%2bmc1.21.6.jar"
      ],
      "fileSize": 1443665
    },
    {
      "path": "mods/[铁氧体磁芯] ferritecore-8.0.0-fabric.jar",
      "hashes": {
        "sha1": "53d76354587cd1965b842fdce7cff965b5c52fe5",
        "sha512": "131b82d1d366f0966435bfcb38c362d604d68ecf30c106d31a6261bfc868ca3a82425bb3faebaa2e5ea17d8eed5c92843810eb2df4790f2f8b1e6c1bdc9b7745"
      },
      "downloads": [
        "https://cdn.modrinth.com/data/uXXizFIs/versions/CtMpt7Jr/ferritecore-8.0.0-fabric.jar",
        "https://edge.forgecdn.net/files/6365/997/ferritecore-8.0.0-fabric.jar"
      ],
      "fileSize": 79653
    },
    {
      "path": "mods/[锂] lithium-fabric-0.18.0+mc1.21.7.jar",
      "hashes": {
        "sha1": "360edacc02b56a16e693512af03b46f294dff068",
        "sha512": "afaf6ddaf0cbae2050d725efd438c4c98141d738a637f0f058dcbaff077ef85af801e2dca138ce9f7f8ba3a169dc6af1c9f56736b255c6ea13363f8a1be8ecdb"
      },
      "downloads": [
        "https://cdn.modrinth.com/data/gvQqBUqZ/versions/77EtzYFA/lithium-fabric-0.18.0%2Bmc1.21.7.jar",
        "https://edge.forgecdn.net/files/6713/689/lithium-fabric-0.18.0%2bmc1.21.7.jar"
      ],
      "fileSize": 792413
    },
    {
      "path": "mods/[鼠标手势] MouseTweaks-fabric-mc1.21.6-2.28.jar",
      "hashes": {
        "sha1": "e6e909296655aa3f15df72d86c9379cd98d2d09b",
        "sha512": "ad977bed1f1a47ad828d82d5f43c4bbf4ba9031702e4a65e09094419f6940c4ad2fab122cea120a1e579d31ce8a5bf54efaa6dd35b8b7c1e5c3e3d8672f9d8b4"
      },
      "downloads": [
        "https://cdn.modrinth.com/data/aC3cM3Vq/versions/K0YD3bG1/MouseTweaks-fabric-mc1.21.6-2.28.jar",
        "https://edge.forgecdn.net/files/6665/313/MouseTweaks-fabric-mc1.21.6-2.28.jar"
      ],
      "fileSize": 76073
    },
    {
      "path": "mods/[3D 皮肤层] skinlayers3d-fabric-1.8.2-mc1.21.6.jar",
      "hashes": {
        "sha1": "9c016d01d16a6c7a3d899718b811d4c54aeb8fa4",
        "sha512": "c1a3f9d584a7f99ee130db97bb146155fc2b9b2d8ddae45865a6ec5c67ee99b0c2f38f5ba09fc026dbd14edafcb7a159cd08ae50403322943e53d52de23c607e"
      },
      "downloads": [
        "https://cdn.modrinth.com/data/zV5r3pPn/versions/Q2dbc02F/skinlayers3d-fabric-1.8.2-mc1.21.6.jar"
      ],
      "fileSize": 863978
    },
    {
      "path": "mods/[实体渲染机制优化] entityculling-fabric-1.8.2-mc1.21.6.jar",
      "hashes": {
        "sha1": "56c5a0617863c53cf7e338d6ff862d02801a1f75",
        "sha512": "528236d3d68ab4338dd0e1b3016a2381c6f341fb2b0854f93013c968710d9263f118a226abf422a6f43bb9ff7252833abf228f82dc47a099d83cf7848c55b9a7"
      },
      "downloads": [
        "https://cdn.modrinth.com/data/NNAgCjsB/versions/5wVZFo2d/entityculling-fabric-1.8.2-mc1.21.6.jar"
      ],
      "fileSize": 473028
    },
    {
      "path": "mods/[超分辨率] super_resolution-fabric-1.21.6..1.21.8-0.8.0-alpha.1.jar",
      "hashes": {
        "sha1": "1f49f7c70ca07931aba98f1ad83f09c4d84f6f01",
        "sha512": "5757bd40201f52c50345fd96ec922a91f514c8ace1309c4ee3f9eaa95515d0237ac9634bc29614d2deb774282b7096bb558eb91313cf992868a9f4ba4235b395"
      },
      "downloads": [
        "https://cdn.modrinth.com/data/Hf3Qz2H3/versions/vSdRu5XK/super_resolution-fabric-1.21.6..1.21.8-0.8.0-alpha.1.jar"
      ],
      "fileSize": 20891053
    }
  ],
  "dependencies": {
    "minecraft": "1.21.7",
    "fabric-loader": "0.16.14"
  }
}