{
  "basicSettings": {
    "screenWhitelist": [
      "net.mehvahdjukaar.supplementaries.client.screens.TextHolderEditScreen",
      "net.minecraft.class_473",
      "net.minecraft.class_7743"
    ],
    "enableScreenRecovering": false,
    "recoveredScreens": [],
    "commandInputMode": "IM_ENG_STATE"
  },
  "advanceSettings": {
    "enableCharSimulation": false
  },
  "windowsCompatibilitySettings": {
    "enableConversionStatusApi": true,
    "enableCursorPositionTracking": true,
    "enableCompositionFontTweaks": true
  }
}