{
	"general": {
		"disable_mod": false,
		"hide_bossbar": true,
		"shadow_text": true,
		"auto_start": false,
		"animationSpeed": 1.0,
		"always_show_ping": false,
		"hide_debug_crosshair": false,
		"background_color": 1867534416,
		"space_modules": false,
		"always_show_profiler": false,
		"animations": true,
		"fontScale": 1.0,
		"hide_sidebar": true,
		"always_show_tps": false
	},
	"modules_right": [
		{
			"name": "system",
			"name_color": 16755200,
			"value_color": 5636095,
			"lines": {
				"opengl_version": true,
				"allocation_rate": true,
				"display": true,
				"java_version": true,
				"gpu_driver": true,
				"memory_usage": true,
				"allocated_memory": true,
				"cpu": true,
				"gpu_utilization": true,
				"time": true,
				"gpu": true
			},
			"enabled": true
		}, 
		{
			"empty_lines": 1,
			"name": "empty",
			"lines": {
				"nothing": true
			},
			"enabled": true
		}
	],
	"modules_left": [
		{
			"name": "minecraft",
			"name_color": 10506797,
			"value_color": 43520,
			"lines": {
				"minecraft": true
			},
			"enabled": true
		}, 
		{
			"name": "server",
			"name_color": 11184810,
			"value_color": 16777045,
			"lines": {
				"server_tick": true,
				"packets_sent": true,
				"packets_received": true,
				"tick_manager_status": true
			},
			"enabled": true
		}, 
		{
			"color_high": 5635925,
			"color_med": 16777045,
			"name": "fps",
			"lines": {
				"fps": true
			},
			"enabled": true,
			"color_low": 16733525
		}, 
		{
			"color_x": 16733525,
			"color_y": 5635925,
			"color_z": 5636095,
			"name": "coords",
			"name_color": 16733525,
			"lines": {
				"chunk_coords": true,
				"player_coords": true,
				"block_coords": true,
				"absolute_velocity": true,
				"velocity": true,
				"chunk_relative_coords": true,
				"horizontal_velocity": true
			},
			"enabled": true
		}, 
		{
			"name": "chunks",
			"chunks_disabled_color": 16733525,
			"name_color": 43775,
			"value_color": 16777045,
			"total_chunks_color": 16755200,
			"lines": {
				"chunk_file": true,
				"available_buffers": true,
				"loaded_chunks_server": true,
				"forceloaded_chunks": true,
				"chunk_culling": true,
				"pending_uploads": true,
				"pending_chunks": true,
				"loaded_chunks": true,
				"spawn_chunks": true,
				"client_chunk_cache": true,
				"chunk_sections": true
			},
			"chunks_enabled_color": 5635925,
			"enabled": true
		}, 
		{
			"name": "location",
			"name_color": 43520,
			"value_color": 5636095,
			"lines": {
				"light": true,
				"biome": true,
				"rotation": true,
				"facing": true,
				"slime_chunk": true,
				"local_difficulty": true,
				"day_ticks": true,
				"days_played": true,
				"dimension": true,
				"highest_block": true,
				"highest_block_server": true,
				"light_server": true
			},
			"enabled": true
		}, 
		{
			"name": "entity",
			"name_color": 16733525,
			"value_color": 16777045,
			"total_entities_color": 16755200,
			"lines": {
				"entities": true,
				"water_creature": true,
				"underground_water_creature": true,
				"ambient": true,
				"particles": true,
				"axolotls": true,
				"creature": true,
				"water_ambient": true,
				"monster": true,
				"misc": true
			},
			"enabled": true
		}, 
		{
			"maximum_color": 43690,
			"name": "sound",
			"name_color": 16755200,
			"value_color": 5636095,
			"lines": {
				"ambient_sounds": true,
				"sounds": true,
				"mood": true
			},
			"enabled": true
		}, 
		{
			"empty_lines": 1,
			"name": "empty",
			"lines": {
				"nothing": true
			},
			"enabled": true
		}
	]
}