{
  "animation_settings": {
    "animation": true,
    "water": true,
    "lava": true,
    "fire": true,
    "portal": true,
    "block_animations": true,
    "sculk_sensor": true
  },
  "particle_settings": {
    "particles": true,
    "rain_splash": true,
    "block_break": true,
    "block_breaking": true,
    "other": {
      "minecraft:glow": true,
      "minecraft:smoke": true,
      "minecraft:tinted_leaves": true,
      "minecraft:poof": true,
      "minecraft:block": true,
      "minecraft:rain": true,
      "minecraft:dolphin": true,
      "minecraft:heart": true,
      "minecraft:bubble_pop": true,
      "minecraft:falling_dripstone_water": true,
      "minecraft:flame": true,
      "minecraft:sculk_charge_pop": true,
      "minecraft:item_snowball": true,
      "minecraft:nautilus": true,
      "minecraft:trail": true,
      "minecraft:raid_omen": true,
      "minecraft:spore_blossom_air": true,
      "minecraft:falling_obsidian_tear": true,
      "minecraft:pale_oak_leaves": true,
      "minecraft:dripping_lava": true,
      "minecraft:dust": true,
      "minecraft:bubble_column_up": true,
      "minecraft:block_marker": true,
      "minecraft:gust_emitter_small": true,
      "minecraft:happy_villager": true,
      "minecraft:enchant": true,
      "minecraft:wax_on": true,
      "minecraft:campfire_signal_smoke": true,
      "minecraft:wax_off": true,
      "minecraft:sculk_soul": true,
      "minecraft:falling_spore_blossom": true,
      "minecraft:damage_indicator": true,
      "minecraft:infested": true,
      "minecraft:ash": true,
      "minecraft:explosion": true,
      "minecraft:gust": true,
      "minecraft:electric_spark": true,
      "minecraft:gust_emitter_large": true,
      "minecraft:dust_color_transition": true,
      "minecraft:falling_dust": true,
      "minecraft:current_down": true,
      "minecraft:dust_plume": true,
      "minecraft:item_cobweb": true,
      "minecraft:lava": true,
      "minecraft:reverse_portal": true,
      "minecraft:trial_spawner_detection": true,
      "minecraft:bubble": true,
      "minecraft:landing_lava": true,
      "minecraft:sneeze": true,
      "minecraft:dripping_water": true,
      "minecraft:landing_honey": true,
      "minecraft:soul": true,
      "minecraft:note": true,
      "minecraft:mycelium": true,
      "minecraft:explosion_emitter": true,
      "minecraft:underwater": true,
      "minecraft:small_gust": true,
      "minecraft:totem_of_undying": true,
      "minecraft:large_smoke": true,
      "minecraft:ominous_spawning": true,
      "minecraft:item_slime": true,
      "minecraft:instant_effect": true,
      "minecraft:entity_effect": true,
      "minecraft:falling_nectar": true,
      "minecraft:cherry_leaves": true,
      "minecraft:item": true,
      "minecraft:sculk_charge": true,
      "minecraft:elder_guardian": true,
      "minecraft:vault_connection": true,
      "minecraft:scrape": true,
      "minecraft:sonic_boom": true,
      "minecraft:sweep_attack": true,
      "minecraft:shriek": true,
      "minecraft:portal": true,
      "minecraft:falling_lava": true,
      "minecraft:dragon_breath": true,
      "minecraft:small_flame": true,
      "minecraft:egg_crack": true,
      "minecraft:angry_villager": true,
      "minecraft:block_crumble": true,
      "minecraft:splash": true,
      "minecraft:crit": true,
      "minecraft:soul_fire_flame": true,
      "minecraft:witch": true,
      "minecraft:glow_squid_ink": true,
      "minecraft:spit": true,
      "minecraft:falling_honey": true,
      "minecraft:campfire_cosy_smoke": true,
      "minecraft:snowflake": true,
      "minecraft:fishing": true,
      "minecraft:flash": true,
      "minecraft:white_smoke": true,
      "minecraft:falling_water": true,
      "minecraft:squid_ink": true,
      "minecraft:dust_pillar": true,
      "minecraft:dripping_honey": true,
      "minecraft:enchanted_hit": true,
      "minecraft:warped_spore": true,
      "minecraft:dripping_obsidian_tear": true,
      "minecraft:cloud": true,
      "minecraft:end_rod": true,
      "minecraft:firefly": true,
      "minecraft:trial_omen": true,
      "minecraft:composter": true,
      "minecraft:landing_obsidian_tear": true,
      "minecraft:white_ash": true,
      "minecraft:crimson_spore": true,
      "minecraft:dripping_dripstone_water": true,
      "minecraft:effect": true,
      "minecraft:trial_spawner_detection_ominous": true,
      "minecraft:vibration": true,
      "minecraft:falling_dripstone_lava": true,
      "minecraft:dripping_dripstone_lava": true,
      "minecraft:firework": true
    }
  },
  "detail_settings": {
    "sky": true,
    "sun": true,
    "moon": true,
    "stars": true,
    "rain_snow": true,
    "biome_colors": true,
    "sky_colors": true
  },
  "render_settings": {
    "global_fog": true,
    "fog_type_config": {
      "LAVA": {
        "enable": true,
        "environment_start_multiplier": 100,
        "environment_end_multiplier": 100,
        "render_distance_start_multiplier": 100,
        "render_distance_end_multiplier": 100,
        "sky_end_multiplier": 100,
        "cloud_end_multiplier": 100
      },
      "WATER": {
        "enable": true,
        "environment_start_multiplier": 100,
        "environment_end_multiplier": 100,
        "render_distance_start_multiplier": 100,
        "render_distance_end_multiplier": 100,
        "sky_end_multiplier": 100,
        "cloud_end_multiplier": 100
      },
      "POWDER_SNOW": {
        "enable": true,
        "environment_start_multiplier": 100,
        "environment_end_multiplier": 100,
        "render_distance_start_multiplier": 100,
        "render_distance_end_multiplier": 100,
        "sky_end_multiplier": 100,
        "cloud_end_multiplier": 100
      },
      "DIMENSION_OR_BOSS": {
        "enable": true,
        "environment_start_multiplier": 100,
        "environment_end_multiplier": 100,
        "render_distance_start_multiplier": 100,
        "render_distance_end_multiplier": 100,
        "sky_end_multiplier": 100,
        "cloud_end_multiplier": 100
      },
      "ATMOSPHERIC": {
        "enable": true,
        "environment_start_multiplier": 100,
        "environment_end_multiplier": 100,
        "render_distance_start_multiplier": 100,
        "render_distance_end_multiplier": 100,
        "sky_end_multiplier": 100,
        "cloud_end_multiplier": 100
      }
    },
    "light_updates": true,
    "item_frame": true,
    "armor_stand": true,
    "painting": true,
    "piston": true,
    "beacon_beam": true,
    "limit_beacon_beam_height": false,
    "enchanting_table_book": true,
    "item_frame_name_tag": true,
    "player_name_tag": true
  },
  "extra_settings": {
    "overlay_corner": "TOP_LEFT",
    "text_contrast": "NONE",
    "show_fps": true,
    "show_f_p_s_extended": true,
    "show_coords": false,
    "reduce_resolution_on_mac": false,
    "use_adaptive_sync": false,
    "cloud_height": 192,
    "cloud_distance": 100,
    "toasts": true,
    "advancement_toast": true,
    "recipe_toast": true,
    "system_toast": true,
    "tutorial_toast": true,
    "instant_sneak": false,
    "prevent_shaders": false,
    "steady_debug_hud": true,
    "steady_debug_hud_refresh_interval": 1
  }
}